num,A,B,C,D
0,foo,one,0,0.7847684112282005
1,bar,one,1,0.9441182591578888
2,foo,two,2,0.23071405032127124
3,bar,three,3,0.36753061834440126
4,foo,two,4,0.8363500251914195
5,bar,two,5,0.5217413154940939
6,foo,one,6,0.026876231163341036
7,foo,three,7,0.6712186473022201
